Category,Test ID,User Story ID,Test Case Name,API Endpoint,HTTP Method,Test Type,Priority,Pre-Conditions,Request Headers,Request Body,Expected Status Code,Expected Response Fields,Test Steps,Validation Points,AUTOMATED
TestCase1: System,TC-SYS-001,US-SYS-001,Verify API health check returns success,/api/health,GET,Smoke,High,None,Content-Type: application/json,None,200,success=true | message='API is running' | timestamp,1. Send GET request to /api/health | 2. Verify response status 200 | 3. Validate response structure,Status code is 200 | Response is valid JSON | success field is true | message equals 'API is running' | timestamp is present and not empty | Response time < 1000ms,y
TestCase1: System,TC-SYS-002,US-SYS-002,Verify system health returns all data files status,/api/system/health,GET,Smoke,High,None,Content-Type: application/json,None,200,success=true | status='healthy' | data_files={all ok} | metrics={totals},1. Send GET request to /api/system/health | 2. Verify response status 200 | 3. Validate all data files | 4. Validate metrics,Status code is 200 | Response is valid JSON | success is true | status is 'healthy' | All data_files values are 'ok' | metrics contains total_orders/total_products/total_users | timestamp present | Response time < 1000ms,y
TestCase1: System,TC-SYS-003,US-SYS-003,Verify API documentation returns all endpoints,/api/docs,GET,Functional,High,None,Content-Type: application/json,None,200,success=true | title='E-Commerce API Documentation' | endpoints={} | total_endpoints | version | features=[],1. Send GET request to /api/docs | 2. Verify response status 200 | 3. Validate structure,Status code is 200 | Response is valid JSON | success is true | title is 'E-Commerce API Documentation' | version present | base_url starts with http | total_endpoints > 0 | endpoints object has categories | features array not empty,y
TestCase2: Authentication,TC-AUTH-001,US-AUTH-001,Verify user registration with valid data,/api/register,POST,Functional,High,None,Content-Type: application/json,"{""email"": ""test_<random>@gmail.com"", ""password"": ""Test@123"", ""name"": ""Test User"", ""is_admin"": false}",200,"success=true | message='User registered successfully' | data={id,email,name,is_admin,created_at,address,phone}",1. Generate random email | 2. Send POST with user data | 3. Verify status 201 | 4. Validate response,Status code is 201 | Response is valid JSON | success is true | message equals 'User registered successfully' | data.id is number | data.email matches input | data.name matches input | data.is_admin is false | created_at is timestamp | No password in response,y
TestCase2: Authentication,TC-AUTH-002,US-AUTH-001,Verify registration fails with duplicate email,/api/register,POST,Negative,Medium,User exists with email,Content-Type: application/json,"{""email"": ""<existing_email_used_in_TC-AUTH-001>"", ""password"": ""Test@123"", ""name"": ""Test"", ""is_admin"": false}",409,success=false | error='User already exists',1. Use existing email | 2. Send POST request | 3. Verify error,Status code is 409 | Response is valid JSON | success is false | error indicates duplicate email,y
TestCase2: Authentication,TC-AUTH-003,US-AUTH-001,Verify registration fails with missing required fields,/api/register,POST,Negative,Medium,None,Content-Type: application/json,"{""email"": ""test@test.com""}",400,success=false | error,1. Send POST with incomplete data | 2. Verify validation error,Status code is 400 | Response is valid JSON | success is false | error indicates missing fields,y
TestCase2: Authentication,TC-AUTH-004,US-AUTH-002,Verify user login with valid credentials,/api/login,POST,Functional,High,User registered,Content-Type: application/json,"{""email"": ""email_what_used_in_TC-AUTH-002"", ""password"": ""Test@123""}",200,"success=true | message='Login successful' | token | refresh_token | user={id,email,name,is_admin}",1. Send POST with valid credentials | 2. Verify status 200 | 3. Validate tokens | 4. Save tokens,Status code is 200 | Response is valid JSON | success is true | message is 'Login successful' | token present and not empty | refresh_token present | Both tokens are JWT format | user object has id/email/name/is_admin,y
TestCase2: Authentication,TC-AUTH-005,US-AUTH-002,Verify login fails with invalid password,/api/login,POST,Negative,High,User registered,Content-Type: application/json,"{""email"": ""test@test.com"", ""password"": ""WrongPass""}",401,success=false | error='Invalid credentials',1. Send POST with wrong password | 2. Verify error,Status code is 401 | Response is valid JSON | success is false | error indicates invalid credentials | No token returned,y
TestCase2: Authentication,TC-AUTH-006,US-AUTH-002,Verify login fails with non-existent user,/api/login,POST,Negative,High,None,Content-Type: application/json,"{""email"": ""notexist@test.com"", ""password"": ""Test@123""}",401,success=false | error='Invalid credentials',1. Send POST with non-existent email | 2. Verify error,Status code is 401 | Response is valid JSON | success is false | error indicates invalid credentials  | No token returned,y
TestCase2: Authentication,TC-AUTH-007,US-AUTH-003,Verify admin login with valid credentials,/api/login,POST,Functional,High,Admin account exists,Content-Type: application/json,"{""email"": ""admin@test.com"", ""password"": ""admin123""}",200,success=true | message='Login successful' | token | refresh_token | user={is_admin=true},1. Send POST with admin credentials | 2. Verify status 200 | 3. Validate admin flag | 4. Save tokens,Status code is 200 | Response is valid JSON | success is true | user.is_admin is true | Both tokens present and valid JWT | Token saved for admin operations,y
TestCase2: Authentication,TC-AUTH-008,US-AUTH-004,Verify token refresh with valid refresh token,/api/refresh,POST,Functional,High,User logged in with refresh token,Content-Type: application/json,"{""refresh_token"": ""<valid_refresh_token>""} used what stored in TC-AUTH-007",200,success=true | message='Token refreshed successfully' | token,1. Use valid refresh token | 2. Send POST to refresh | 3. Verify new token returned,Status code is 200 | Response is valid JSON | success is true | message is 'Token refreshed successfully' | New token present | New token is valid JWT,y
TestCase2: Authentication,TC-AUTH-009,US-AUTH-004,Verify refresh fails with invalid token,/api/refresh,POST,Negative,High,None,Content-Type: application/json,"{""refresh_token"": ""invalid_token""}",401,success=false | error='Invalid or expired refresh token',1. Send POST with invalid token | 2. Verify error,Status code is 401 | Response is valid JSON | success is false | error indicates invalid token,y
TestCase2: Authentication,TC-AUTH-010,US-AUTH-004,Verify refresh fails without refresh token,/api/refresh,POST,Negative,Medium,None,Content-Type: application/json,{},400,"success=false | ""error"": ""Refresh token is required"",",1. Send POST without refresh token | 2. Verify error,Status code is 400 | Response is valid JSON | success is false | error indicates missing token,y
TestCase3: Users,TC-USER-001,US-USER-001,Verify admin can list all users,/api/users,GET,Functional,High,Admin logged in,Authorization: Bearer <admin_token>,None,200,success=true | data=[users] | count,1. Login as admin | 2. Send GET request | 3. Verify user list,Status code is 200 | Response is valid JSON | success is true | data is array | count matches data length | Each user has id/email/name/is_admin/created_at/address/phone | At least one user exists,y
TestCase3: Users,TC-USER-002,US-USER-001,Verify non-admin cannot list users,/api/users,GET,Security,High,Regular user logged in,Authorization: Bearer <user_token>,None,403,"success=false |   ""error"": ""Admin privileges required""",1. Login as regular user | 2. Send GET request | 3. Verify access denied,Status code is 403 | Response is valid JSON | success is false | error indicates admin required,y
TestCase3: Users,TC-USER-003,US-USER-001,Verify list users fails without authentication,/api/users,GET,Security,High,No authentication,None,None,401,"""error"": ""Token is missing""",1. Send GET without token | 2. Verify auth error,Status code is 401 | Response is valid JSON | success is false | error indicates authentication required,y
TestCase3: Users,TC-USER-004,US-USER-002,Verify admin can get user by ID,/api/users/{id},GET,Functional,High,"Admin Token and
User ID From TC-USER-001",Authorization: Bearer <admin_token>,None,200,"success=true | data={id,email,name,address,phone,is_admin,created_at}",1. Login as admin | 2. Send GET with valid user ID | 3. Verify user details,Status code is 200 | Response is valid JSON | success is true | data has all user fields | Returned user ID matches requested,y
TestCase3: Users,TC-USER-005,US-USER-002,Verify get user by ID fails for non-existent user,/api/users/{id},GET,Negative,Medium,Admin logged in,Authorization: Bearer <admin_token>,None,404,"success=false | ""error"": ""User not found""",1. Login as admin | 2. Send GET with non-existent ID | 3. Verify 404 error,"Status code is 404 | Response is valid JSON | success is false | ""error"": ""User not found""",y
TestCase3: Users,TC-USER-006,US-USER-003,Verify admin can update user information,/api/users/{id},PUT,Functional,High,Admin logged in and user exists,Authorization: Bearer <admin_token>,"{""name"": ""Updated Name"", ""phone"": ""555-0101"", ""address"": ""123 Updated St""}",200,success=true | message='User updated successfully' | data={updated fields with updated_at},1. Login as admin | 2. Send PUT with updates | 3. Verify user updated,Status code is 200 | Response is valid JSON | success is true | message is 'User updated successfully' | data reflects updated values | updated_at timestamp present,y
TestCase3: Users,TC-USER-007,US-USER-003,Verify update user fails for non-existent user,/api/users/{id},PUT,Negative,Medium,Admin logged in,Authorization: Bearer <admin_token>,"{""name"": ""Test""}",404,"success=false | error=""User not found""",1. Login as admin | 2. Send PUT with non-existent ID | 3. Verify error,Status code is 404 | Response is valid JSON | success is false | error is 'User not found',y
TestCase3: Users,TC-USER-008,US-USER-004,Verify admin can delete user,/api/users/{id},DELETE,Functional,High,Admin logged in and user exists,Authorization: Bearer <admin_token>,None,200,"success=true | message='User deleted successfully' | data={id,email}",1. Login as admin | 2. Create test user | 3. Send DELETE | 4. Verify deleted | 5. Confirm GET returns 404,Status code is 200 | Response is valid JSON | success is true | message is 'User deleted successfully' | data has id and email | Subsequent GET returns 404,y
TestCase3: Users,TC-USER-009,US-USER-004,Verify user can delete user,/api/users/{id},DELETE,Security,High,Regular user logged in,Authorization: Bearer <user_token>,None,403,"{   ""error"": ""Admin privileges required"",
    ""success"": false",1. Login as regular user | 2. Send Delete request | 3. Verify access denied,Status code is 403 | Response is valid JSON | success is false | error indicates admin required,y
TestCase3: Users,TC-USER-010,US-USER-001,Verify delete users fails without authentication,/api/users/{id},DELETE,Security,High,No authentication,None,None,401,"""error"": ""Token is missing""",1. Send Delete  without token | 2. Verify auth error,Status code is 401 | Response is valid JSON | success is false | error indicates authentication required,y
TestCase3: Users,TC-USER-011,US-USER-004,Verify delete user fails for non-existent user,/api/users/{id},DELETE,Negative,Medium,Admin logged in,Authorization: Bearer <admin_token>,None,404,success=false | error='User not found',1. Login as admin | 2. Send DELETE with non-existent ID | 3. Verify error,Status code is 404 | Response is valid JSON | success is false | error is 'User not found',y
TestCase3: Users,TC-USER-012,US-USER-005,Verify admin can view user activity,/api/users/{id}/activity,GET,Functional,Medium,Admin logged in and user exists,Authorization: Bearer <admin_token>,None,200,"success=true | data={user_id,orders=[],reviews=[],total_orders,total_reviews,total_spent,cart_items}",1. Login as admin | 2. Send GET for user activity | 3. Verify activity data,Status code is 200 | Response is valid JSON | success is true | data has user_id/orders/reviews/total_orders/total_reviews/total_spent/cart_items | Numeric fields are numbers | Arrays are valid,y
TestCase3: Users,TC-USER-013,US-USER-004,Verify user can view user activity,/api/users/{id}/activity,GET,Security,High,Regular user logged in,Authorization: Bearer <user_token>,None,403,"{   ""error"": ""Admin privileges required"",
    ""success"": false",1. Login as regular user | 2. Send GET request | 3. Verify access denied,Status code is 403 | Response is valid JSON | success is false | error indicates admin required,y
TestCase3: Users,TC-USER-014,US-USER-001,Verify view user activity fails without authentication,/api/users/{id}/activity,GET,Security,High,No authentication,None,None,401,"""error"": ""Token is missing""",1. Send GET without token | 2. Verify auth error,Status code is 401 | Response is valid JSON | success is false | error indicates authentication required,y
TestCase4: Categories,TC-CAT-001,US-CAT-001,Verify admin can create category,/api/categories,POST,Functional,High,Admin logged in,Authorization: Bearer <admin_token>,"{""name"": ""TestCategory"", ""description"": ""Test Description""}",201,"success=true | message='Category created successfully' | data={id,name,description,created_at}",1. Login as admin | 2. Send POST with category data | 3. Verify created,Status code is 201 | Response is valid JSON | success is true | message is 'Category created successfully' | data has id/name/description/created_at | Name and description match input,y
TestCase4: Categories,TC-CAT-002,US-CAT-001,Verify create category fails without admin,/api/categories,POST,Security,High,Regular user logged in,Authorization: Bearer <user_token>,"{""name"": ""TestCategory"", ""description"": ""Test Category""}",403,"""error"": ""Admin privileges required"",
    ""success"": false",1. Login as regular user | 2. Send POST | 3. Verify access denied,Status code is 403 | Response is valid JSON | success is false | error indicates admin required,y
TestCase4: Categories,TC-CAT-003,US-CAT-002,Verify user can view all categories,/api/categories,GET,Functional,High,Categories exist,Content-Type: application/json,None,200,success=true | data=[categories] | count,1. Send GET to categories | 2. Verify categories returned,Status code is 200 | Response is valid JSON | success is true | data is array | count matches data length | Each category has id/name/description/created_at | At least one category exists | Save Last Category id,y
TestCase4: Categories,TC-CAT-004,US-CAT-003,Verify admin can delete category,/api/categories/{id},DELETE,Functional,High,Admin logged in and category exists from ategory id from TC-CAT-004,Authorization: Bearer <admin_token>,None,200,"success=true | message='Category deleted successfully' | data={id,name}",1. Login as admin | 2. Create test category | 3. Send DELETE | 4. Verify deleted,Status code is 200 | Response is valid JSON | success is true | message is 'Category deleted successfully' | data has id and name | Category removed from list,y
TestCase4: Categories,TC-CAT-005,US-CAT-003,Verify delete category fails for non-existent category,/api/categories/{id},DELETE,Negative,Medium,"Admin logged in
category id from TC-CAT-004",Authorization: Bearer <admin_token>,None,404,"""error"": ""Category not found"",
    ""success"": false",1. Login as admin | 2. Send DELETE with invalid ID | 3. Verify error,Status code is 404 | Response is valid JSON | success is false,y
TestCase4: Categories,TC-CAT-006,US-CAT-003,Verify user can delete category,/api/categories/{id},DELETE,Security,High,Regular user logged in,Authorization: Bearer <user_token>,None,403,"{   ""error"": ""Admin privileges required"",
    ""success"": false",1. Login as regular user | 2. Send Delete request | 3. Verify access denied,Status code is 403 | Response is valid JSON | success is false | error indicates admin required,y
TestCase5: Products,TC-PROD-001,US-PROD-001,Verify get all products with pagination,/api/products,GET,Functional,High,Products exist,Content-Type: application/json,None,200,"success=true | data=[products] | pagination={page,per_page,total,pages}",1. Send GET to products | 2. Verify products and pagination,Status code is 200 | Response is valid JSON | success is true | data is array | pagination has page/per_page/total/pages | Each product has id/name/description/price/category/stock/image_url/created_at | Products limited per page,y
TestCase5: Products,TC-PROD-002,US-PROD-001,Verify products pagination with page parameter,/api/products?page=2&per_page=5,GET,Functional,Medium,Products exist,Content-Type: application/json,None,200,success=true | data=[products] | pagination,1. Send GET with page params | 2. Verify pagination works,Status code is 200 | Response is valid JSON | pagination.page is 2 | data length <= 5 | pagination values correct,y
TestCase5: Products,TC-PROD-003,US-PROD-002,Verify filter products by category,/api/products?category=Electronics,GET,Functional,High,Products exist in category,Content-Type: application/json,None,200,success=true | data=[filtered products] | pagination,1. Send GET with category filter | 2. Verify filtered results,Status code is 200 | Response is valid JSON | All products have category='Electronics' | Pagination present,y
TestCase5: Products,TC-PROD-004,US-PROD-002,Verify filter products by price range,/api/products?min_price=10&max_price=100,GET,Functional,High,Products exist in range,Content-Type: application/json,None,200,success=true | data=[filtered products],1. Send GET with price filters | 2. Verify price range,Status code is 200 | Response is valid JSON | All products have price >= 10 and <= 100,y
TestCase5: Products,TC-PROD-005,US-PROD-002,Verify filter products with multiple criteria,/api/products?category=Electronics&min_price=50&max_price=500&search=laptop,GET,Functional,High,Matching products exist,Content-Type: application/json,None,200,success=true | data=[filtered products],1. Send GET with multiple filters | 2. Verify all filters applied,Status code is 200 | All products match category | All prices in range | Products contain search term,y
TestCase5: Products,TC-PROD-006,US-PROD-003,Verify admin can create product,/api/products,POST,Functional,High,Admin logged in,Authorization: Bearer <admin_token>,"  ""name"": ""new product1"",
    ""description"": ""new product description1"",
    ""price"": 29.99,
    ""category"": ""Electronics"",
    ""stock"": 20,
    ""image_url"": ""https://ci.suez.edu.eg/wp-content/uploads/2022/08/iti-logo.png""",201,"success=true | message='Product created successfully' | data={id,name,description,price,category,stock,image_url,created_at}",1. Login as admin | 2. Send POST with product data | 3. Verify created | 4. Save product ID,Status code is 201 | Response is valid JSON | success is true | message is 'Product created successfully' | data has all fields | All fields match input | save id as productId,y
TestCase5: Products,TC-PROD-007,US-PROD-003,Verify create product fails without required fields,/api/products,POST,Negative,Medium,Admin logged in,Authorization: Bearer <admin_token>,"{""name"": ""Test""}",400,"success=false |     ""error"": ""Missing required fields"",
    ""success"": false",1. Login as admin | 2. Send POST with incomplete data | 3. Verify error,Status code is 400 | Response is valid JSON | success is false | error indicates missing fields,y
TestCase5: Products,TC-PROD-008,US-PROD-003,Verify create product fails without admin,/api/products,POST,Security,High,Regular user logged in,Authorization: Bearer <user_token>,"    ""name"": ""new product1"",
    ""description"": ""new product description1"",
    ""price"": 29.99,
    ""category"": ""Electronics"",
    ""stock"": 20,
    ""image_url"": ""https://ci.suez.edu.eg/wp-content/uploads/2022/08/iti-logo.png""",403,"    ""error"": ""Admin privileges required"",
    ""success"": false",1. Login as user | 2. Send POST | 3. Verify access denied,Status code is 403 | Response is valid JSON | success is false,y
TestCase5: Products,TC-PROD-009,US-PROD-004,Verify admin can update product,/api/products/{id},PUT,Functional,High,Admin logged in and product exists,Authorization: Bearer <admin_token>,"{""description"": ""Updated Desc"", ""price"": 34.99, ""stock"": 75}",200,success=true | message='Product updated successfully' | data={updated product with updated_at},1. Login as admin | 2. Create test product | 3. Send PUT with updates | 4. Verify updated,Status code is 200 | Response is valid JSON | success is true | message is 'Product updated successfully' | data reflects updates | updated_at present,y
TestCase5: Products,TC-PROD-010,US-PROD-004,Verify update product fails for non-existent product,/api/products/{id},PUT,Negative,Medium,Admin logged in,Authorization: Bearer <admin_token>,"""description"": ""Updated description"",
    ""price"": 34.99,
    ""stock"": 75",404,"   ""error"": ""Product not found"",
    ""success"": false",1. Login as admin | 2. Send PUT with invalid ID | 3. Verify error,Status code is 404 | Response is valid JSON | success is false,y
TestCase5: Products,TC-PROD-011,US-PROD-005,Verify get product by ID,/api/products/{id},GET,Functional,High,Product exists,Content-Type: application/json,None,200,success=true | data={complete product},1. Send GET with valid product ID | 2. Verify product details,Status code is 200 | Response is valid JSON | success is true | data has complete product info | Product ID matches request,y
TestCase5: Products,TC-PROD-012,US-PROD-005,Verify get product fails for non-existent ID,/api/products/{id},GET,Negative,Medium,None,Content-Type: application/json,None,404,"    ""error"": ""Product not found"",
    ""success"": false",1. Send GET with invalid ID | 2. Verify 404,Status code is 404 | Response is valid JSON | success is false | error is 'Product not found',y
TestCase5: Products,TC-PROD-013,US-PROD-006,Verify admin can delete product,/api/products/{id},DELETE,Functional,High,Admin logged in and product exists,Authorization: Bearer <admin_token>,None,200,"success=true | message='Product deleted successfully' | data={id,name}",1. Login as admin | 2. Create test product | 3. Send DELETE | 4. Verify deleted,Status code is 200 | Response is valid JSON | success is true | message is 'Product deleted successfully' | data has id/name | Subsequent GET returns 404,y
TestCase5: Products,TC-PROD-014,US-PROD-006,Verify delete product fails for non-existent product,/api/products/{id},DELETE,Negative,Medium,Admin logged in,Authorization: Bearer <admin_token>,None,404,"    ""error"": ""Product not found"",
    ""success"": false",1. Login as admin | 2. Send DELETE with invalid ID | 3. Verify error,Status code is 404 | Response is valid JSON | success is false,y
TestCase5: Products,TC-PROD-015,US-PROD-007,Verify search products returns matching results,/api/products/search?q=laptop,GET,Functional,High,Products with search term exist,Content-Type: application/json,None,200,success=true | data=[matching products] | count,1. Send GET with search query | 2. Verify matching products,Status code is 200 | Response is valid JSON | success is true | data is array | Products contain 'laptop' in name or description,y
TestCase5: Products,TC-PROD-016,US-PROD-007,Verify search returns empty for no matches,/api/products/search?q=nonexistent123,GET,Functional,Medium,None,Content-Type: application/json,None,200,success=true | data=[] | count=0,1. Send GET with non-matching query | 2. Verify empty result,Status code is 200 | Response is valid JSON | success is true | data is empty array | count is 0,y
TestCase5: Products,TC-PROD-017,US-PROD-008,Verify get products by category,/api/products/category/{{categories}},GET,Functional,High,"Products in category exist, test all category unique names from TC-CAT-003",Content-Type: application/json,None,200,success=true | data=[products in category] | count,1. Send GET for specific category | 2. Verify filtered results,Status code is 200 | Response is valid JSON | success is true | data is array | All products have category='selected_category' | count matches array length,y
TestCase5: Products,TC-PROD-018,US-PROD-008,Verify get products by category returns empty for non-existent category,/api/products/category/NonExistent,GET,Functional,Medium,None,Content-Type: application/json,None,200,success=true | data=[] | count=0,1. Send GET for non-existent category | 2. Verify empty result,Status code is 200 | Response is valid JSON | data is empty array | count is 0,y
TestCase5: Products,TC-PROD-019,US-PROD-009,Verify admin can view low stock products,/api/inventory/low-stock?threshold=10,GET,Functional,High,Admin logged in and low stock products exist,Authorization: Bearer <admin_token>,None,200,success=true | data=[low stock products] | count | threshold=10,1. Login as admin | 2. Send GET with threshold | 3. Verify low stock products,Status code is 200 | Response is valid JSON | success is true | data is array | All products have stock <= 10 | threshold value is 10 | count matches array length,y
TestCase5: Products,TC-PROD-020,US-PROD-009,Verify low stock with custom threshold,/api/inventory/low-stock?threshold=5,GET,Functional,Medium,Admin logged in,Authorization: Bearer <admin_token>,None,200,"    ""count"": 0,
    ""data"": [],
    ""success"": true,
    ""threshold"": 5",1. Login as admin | 2. Send GET with threshold=5 | 3. Verify results,Status code is 200 | All products have stock <= 5 | threshold is 5,y
TestCase5: Products,TC-PROD-021,US-PROD-010,Verify admin can update product stock,/api/inventory/update-stock,PUT,Functional,High,Admin logged in and product exists,Authorization: Bearer <admin_token>,"{""product_id"": 4, ""stock"": 40}",200,"success=true | message='Stock updated successfully' | data={product_id,old_stock,new_stock}",1. Login as admin | 2. Send PUT with stock update | 3. Verify stock updated,Status code is 200 | Response is valid JSON | success is true | message is 'Stock updated successfully' | data has product_id/old_stock/new_stock | new_stock is 40,y
TestCase5: Products,TC-PROD-022,US-PROD-010,Verify update stock fails for non-existent product,/api/inventory/update-stock,PUT,Negative,Medium,Admin logged in,Authorization: Bearer <admin_token>,"{""product_id"": 99999, ""stock"": 10}",404," ""error"": ""Product not found"",
    ""success"": false",1. Login as admin | 2. Send PUT with invalid product_id | 3. Verify error,Status code is 404 | Response is valid JSON | success is false,y
TestCase5: Products,TC-PROD-023,US-PROD-011,Verify admin can bulk update products,/api/products/bulk-update,PUT,Functional,High,Admin logged in and products exist,Authorization: Bearer <admin_token>,"{""updates"": [{""product_id"": 1, ""price"": 899.99, ""stock"": 75}, {""product_id"": 2, ""price"": 24.99, ""stock"": 200}]}",200,"success=true | ""message"": ""2 products updated successfully""| updated_count=2",1. Login as admin | 2. Send PUT with multiple updates | 3. Verify all updated,Status code is 200 | Response is valid JSON | success is true | message contains '2 products updated' | updated_count is 2 | Each product reflects updates,y
TestCase5: Products,TC-PROD-024,US-PROD-011,Verify bulk update with partial failures,/api/products/bulk-update,PUT,Functional,Medium,Admin logged in,Authorization: Bearer <admin_token>,"{""updates"": [{""product_id"": 1, ""price"": 50}, {""product_id"": 99999, ""price"": 10}]}",200,"""message"": ""1 products updated successfully"",
    ""success"": true,
    ""updated_count"": 1",1. Login as admin | 2. Send PUT with valid and invalid IDs | 3. Verify partial success,Status code is 200 | Response is valid JSON | updated_count reflects successful updates,y
TestCase5: Products,TC-PROD-025,US-PROD-012,Verify admin can export all products,/api/export/products,GET,Functional,High,Admin logged in and products exist,Authorization: Bearer <admin_token>,None,200,"success=true | data={products=[],total_products,export_date}",1. Login as admin | 2. Send GET to export | 3. Verify all data returned,Status code is 200 | Response is valid JSON | success is true | data.products is array | data.total_products matches array length | data.export_date is timestamp | All product fields included,y
TestCase5: Products,TC-PROD-026,US-PROD-013,Verify user can like a product,/api/products/likes,POST,Functional,High,User logged in and product exists,Authorization: Bearer <user_token>,"{""product_id"": 1}",201,"success=true | message='Product liked successfully' | data={id,product_id,user_id,created_at}",1. Login as user | 2. Send POST to like product | 3. Verify like created,Status code is 201 | Response is valid JSON | success is true | message is 'Product liked successfully' | data has id/product_id/user_id/created_at | product_id and user_id match,y
TestCase5: Products,TC-PROD-027,US-PROD-013,Verify user cannot like same product twice,/api/products/likes,POST,Negative,Medium,User logged in and product already liked,Authorization: Bearer <user_token>,"{""product_id"": 1}",400,success=false | error='You have already liked this product' | already_liked=true,1. Login as user | 2. Like product | 3. Try liking again | 4. Verify error,Status code is 400 | Response is valid JSON | success is false | error is 'You have already liked this product' | already_liked is true,y
TestCase5: Products,TC-PROD-028,US-PROD-013,Verify like fails for non-existent product,/api/products/likes,POST,Negative,Medium,User logged in,Authorization: Bearer <user_token>,"{""product_id"": 99999}",404,"    ""error"": ""Product not found"",
    ""success"": false",1. Login as user | 2. Send POST with invalid product_id | 3. Verify error,Status code is 404 | Response is valid JSON | success is false,y
TestCase5: Products,TC-PROD-029,US-PROD-014,Verify get product likes count,/api/products/{id}/likes,GET,Functional,Medium,Product exists with likes,Content-Type: application/json,None,200,success=true | data=[like objects] | count,1. Send GET for product likes | 2. Verify likes data,Status code is 200 | Response is valid JSON | success is true | data is array | count matches array length | Each like has id/product_id/user_id/created_at,y
TestCase5: Products,TC-PROD-030,US-PROD-015,Verify user can check like status,/api/products/{id}/likes/check,GET,Functional,Medium,User logged in and product exists,Authorization: Bearer <user_token>,None,200,success=true | liked=true/false | data={like object or null},1. Login as user | 2. Send GET to check like status | 3. Verify status,Status code is 200 | Response is valid JSON | success is true | liked is boolean | If liked=true data has like object | If liked=false data is null,y
TestCase5: Products,TC-PROD-031,US-PROD-016,Verify user can unlike product,/api/products/likes/{like_id},DELETE,Functional,High,User logged in and product is liked,Authorization: Bearer <user_token>,None,200,success=true | message='Product unliked successfully' | data={like object},1. Login as user | 2. Like product | 3. Send DELETE to unlike | 4. Verify removed,Status code is 200 | Response is valid JSON | success is true | message is 'Product unliked successfully' | data has like object | Subsequent check shows liked=false,y
TestCase5: Products,TC-PROD-032,US-PROD-016,Verify unlike fails for non-existent like,/api/products/likes/{like_id},DELETE,Negative,Medium,User logged in,Authorization: Bearer <user_token>,None,404,success=false | error='Like not found',1. Login as user | 2. Send DELETE with invalid like_id | 3. Verify error,Status code is 404 | Response is valid JSON | success is false | error is 'Like not found',y
TestCase5: Products,TC-PROD-033,US-PROD-016,Verify user cannot unlike another user's like,/api/products/likes/{like_id},DELETE,Security,High,user_id=1 for USER_2,Authorization: Bearer <user1_token>,None,403,"    ""error"": ""Unauthorized"",
    ""success"": false",1. User1 likes product | 2. User2 tries to unlike | 3. Verify access denied,Status code is 403 | Response is valid JSON | success is false | Like remains,y
TestCase6: Cart,TC-CART-001,US-CART-001,Verify user can add item to cart,/api/cart/items,POST,Functional,High,User logged in and product exists,Authorization: Bearer <user_token>,"{""product_id"": 4, ""quantity"": 2}",201,success=true | message='Item added to cart successfully',1. Login as user | 2. Clear cart | 3. Send POST to add item | 4. Verify added,Status code is 201 | Response is valid JSON | success is true | message is 'Item added to cart successfully' | Subsequent GET shows item with quantity=2,y
TestCase6: Cart,TC-CART-002,US-CART-001,Verify add to cart fails for invalid product,/api/cart/items,POST,Negative,Medium,User logged in,Authorization: Bearer <user_token>,"{""product_id"": 99999, ""quantity"": 1}",404,success=false | error='Product not found',1. Login as user | 2. Send POST with invalid product_id | 3. Verify error,Status code is 404 | Response is valid JSON | success is false | error is 'Product not found',y
TestCase6: Cart,TC-CART-003,US-CART-001,Verify add to cart fails with invalid quantity,/api/cart/items,POST,Negative,Medium,User logged in and product exists,Authorization: Bearer <user_token>,"{""product_id"": 1, ""quantity"": 0}",400,"""error"": ""Invalid quantity: must be a positive integer"",
    ""success"": false",1. Login as user | 2. Send POST with quantity=0 | 3. Verify validation error,Status code is 400 | Response is valid JSON | success is false | error indicates invalid quantity,y
TestCase6: Cart,TC-CART-004,US-CART-002,Verify user can view cart contents,/api/cart,GET,Functional,High,User logged in with items in cart,Authorization: Bearer <user_token>,None,200,success=true | data=[cart items] | count | total,1. Login as user | 2. Add items to cart | 3. Send GET | 4. Verify cart,Status code is 200 | Response is valid JSON | success is true | data is array | count matches data length | total equals sum of item_total | Each item has id/product_id/quantity/item_total/product object/created_at/updated_at,y
TestCase6: Cart,TC-CART-005,US-CART-003,Verify user can update cart item quantity,/api/cart/items/{id},PUT,Functional,High,User logged in with item in cart,Authorization: Bearer <user_token>,"{""quantity"": 3}",200,success=true | message='Cart item updated successfully' | data={updated cart item},1. Login as user | 2. Add item to cart | 3. Send PUT to update quantity | 4. Verify updated,Status code is 200 | Response is valid JSON | success is true | message is 'Cart item updated successfully' | data.quantity is 3 | updated_at is recent,y
TestCase6: Cart,TC-CART-006,US-CART-003,Verify update cart item fails for non-existent item,/api/cart/items/{id},PUT,Negative,Medium,User logged in,Authorization: Bearer <user_token>,"{""quantity"": 2}",404,success=false | error='Cart item not found',1. Login as user | 2. Send PUT with invalid cart item ID | 3. Verify error,Status code is 404 | Response is valid JSON | success is false | error is 'Cart item not found',y
TestCase6: Cart,TC-CART-007,US-CART-005,Verify user can clear entire cart,/api/cart,DELETE,Functional,High,User logged in with items in cart,Authorization: Bearer <user_token>,None,200,success=true | message='Cart cleared successfully',1. Login as user | 2. Add multiple items | 3. Send DELETE | 4. Verify cart empty,Status code is 200 | Response is valid JSON | success is true | message is 'Cart cleared successfully' | Subsequent GET returns empty cart,y
TestCase6: Cart,TC-CART-008,US-CART-005,Verify clear cart on already empty cart,/api/cart,DELETE,Functional,Low,User logged in with empty cart,Authorization: Bearer <user_token>,None,200,success=true | message='Cart cleared successfully',1. Login as user | 2. Ensure cart empty | 3. Send DELETE | 4. Verify success,Status code is 200 | Response is valid JSON | success is true,y
TestCase6: Cart,TC-CART-009,US-CART-002,Verify empty cart returns empty array,/api/cart,GET,Functional,Medium,User logged in with empty cart so this test case came after TC-CART-005,Authorization: Bearer <user_token>,None,200,success=true | data=[] | count=0 | total=0,1. Login as user | 2. Clear cart | 3. Send GET | 4. Verify empty,Status code is 200 | Response is valid JSON | success is true | data is empty array | count is 0 | total is 0,y
TestCase6: Cart,TC-CART-010,US-CART-004,Verify user can remove item from cart,/api/cart/items/{id},DELETE,Functional,High,"User logged in with item in cart, so add product to cart first : US-CART-001",Authorization: Bearer <user_token>,None,200,success=true | message='Item removed from cart successfully' | data={removed item},1. Login as user | 2. Add item to cart | 3. Send DELETE | 4. Verify removed,Status code is 200 | Response is valid JSON | success is true | message is 'Item removed from cart successfully' | data has removed item details | Subsequent GET shows item removed,y
TestCase6: Cart,TC-CART-011,US-CART-004,Verify remove cart item fails for non-existent item,/api/cart/items/{id},DELETE,Negative,Medium,User logged in,Authorization: Bearer <user_token>,None,404,success=false | error='Cart item not found',1. Login as user | 2. Send DELETE with invalid ID | 3. Verify error,Status code is 404 | Response is valid JSON | success is false | error is 'Cart item not found',y
TestCase6: Cart,TC-CART-012,US-CART-001,Verify user cannot access another user's cart,/api/cart,GET,Security,High,Two users logged in with carts,Authorization: Bearer <user1_token>,None,200,success=true | data=[user1 cart only],1. User1 adds items to cart | 2. User2 adds items to cart | 3. User1 gets cart | 4. Verify only user1 items,Status code is 200 | data contains only user1 cart items | Cannot see user2 items,y
TestCase7: Orders,TC-ORD-001,US-ORD-001,Verify user can create order from cart,/api/orders,POST,Functional,High,User logged in with items in cart,Authorization: Bearer <user_token>,"{""shipping_address"": ""123 Test St, City, State""}",201,"success=true | message='Order created successfully' | data={id,user_id,items=[],total_amount,shipping_address,status='pending',created_at}",1. Login as user | 2. Add items to cart | 3. Send POST to create order | 4. Verify order created and cart cleared,Status code is 201 | Response is valid JSON | success is true | message is 'Order created successfully' | data has id/user_id/items/total_amount/shipping_address/status/created_at | items match cart | status is 'pending' | Cart is now empty,y
TestCase7: Orders,TC-ORD-002,US-ORD-001,Verify create order fails with empty cart,/api/orders,POST,Negative,High,User logged in with empty cart,Authorization: Bearer <user_token>,"{""shipping_address"": ""123 Test St""}",400,success=false | error='Cart is empty',1. Login as user | 2. Clear cart | 3. Send POST to create order | 4. Verify error,Status code is 400 | Response is valid JSON | success is false | error is 'Cart is empty',y
TestCase7: Orders,TC-ORD-003,US-ORD-001,Verify create order fails without shipping address,/api/orders,POST,Negative,Medium,User logged in with items in cart,Authorization: Bearer <user_token>,{},400,"""error"": ""Shipping address is required"",
    ""success"": false",1. Login as user | 2. Add items to cart | 3. Send POST without address | 4. Verify error,Status code is 400 | Response is valid JSON | success is false | error indicates missing shipping_address,y
TestCase7: Orders,TC-ORD-004,US-ORD-002,Verify user can view all their orders,/api/orders,GET,Functional,High,User logged in with orders,Authorization: Bearer <user_token>,None,200,success=true | data=[orders] | count,1. Login as user | 2. Create orders | 3. Send GET | 4. Verify orders,Status code is 200 | Response is valid JSON | success is true | data is array | count matches data length | Each order has id/user_id/items/total_amount/shipping_address/status/created_at | All orders belong to current user,y
TestCase7: Orders,TC-ORD-005,US-ORD-002,Verify empty orders returns empty array,/api/orders,GET,Functional,Medium,User logged in without orders,Authorization: Bearer <user_token>,None,200,success=true | data=[] | count=0,1. Login as new user | 2. Send GET | 3. Verify empty,Status code is 200 | Response is valid JSON | data is empty array | count is 0,y
TestCase7: Orders,TC-ORD-006,US-ORD-003,Verify user can get order by ID,/api/orders/{id},GET,Functional,High,User logged in and order exists,Authorization: Bearer <user_token>,None,200,success=true | data={complete order},1. Login as user | 2. Create order | 3. Send GET for specific order | 4. Verify details,Status code is 200 | Response is valid JSON | success is true | data has complete order info | Order ID matches request | items array has product details,y
TestCase7: Orders,TC-ORD-007,US-ORD-003,Verify get order fails for non-existent order,/api/orders/{id},GET,Negative,Medium,User logged in,Authorization: Bearer <user_token>,None,404,success=false | error='Order not found',1. Login as user | 2. Send GET with invalid order ID | 3. Verify error,Status code is 404 | Response is valid JSON | success is false | error is 'Order not found',y
TestCase7: Orders,TC-ORD-008,US-ORD-003,Verify user cannot access another user's order,/api/orders/{id},GET,Security,High,try orderid like : 31 of another user,Authorization: Bearer <user1_token>,None,403,"""error"": ""Unauthorized"",
    ""success"": false",1. User2 creates order | 2. User1 tries to access | 3. Verify access denied,Status code is 403 | Response is valid JSON | success is false,y
TestCase7: Orders,TC-ORD-009,US-ORD-004,Verify user can update order shipping address,/api/orders/{id},PUT,Functional,High,User logged in and order exists,Authorization: Bearer <user_token>,"""shipping_address"": ""456 alex iti, City, State 1234""
",200,success=true | message='Order updated successfully' | data={updated order with updated_at},1. Login as user | 2. Create order | 3. Send PUT to update address | 4. Verify updated,Status code is 200 | Response is valid JSON | success is true | message is 'Order updated successfully' | data.shipping_address matches new value | updated_at present,y
TestCase7: Orders,TC-ORD-010,US-ORD-004,Verify update order fails for non-existent order,/api/orders/{id},PUT,Negative,Medium,User logged in,Authorization: Bearer <user_token>,"""shipping_address"": ""456 alex iti, City, State 1234""
",404,success=false | error='Order not found',1. Login as user | 2. Send PUT with invalid order ID | 3. Verify error,Status code is 404 | Response is valid JSON | success is false | error is 'Order not found',y
TestCase7: Orders,TC-ORD-011,US-ORD-005,Verify admin can update order status,/api/orders/{id}/status,PUT,Functional,High,Admin logged in and order exists,Authorization: Bearer <admin_token>,"{""status"": ""processing""}",200,success=true | message='Order status updated successfully' | data={updated order},1. Login as admin | 2. Create order | 3. Send PUT to update status | 4. Verify updated,Status code is 200 | Response is valid JSON | success is true | message is 'Order status updated successfully' | data.status is 'processing' | updated_at present,y
TestCase7: Orders,TC-ORD-012,US-ORD-005,Verify admin can update order status with same statue twice,/api/orders/{id}/status,PUT,Security,High,Order Updated Once like TC-ORD-011,Authorization: Bearer <admin_token>,"{""status"": ""processing""}",200,"success=true | ""message"": ""Order status unchanged"" | data={updated order}",1. Login as admin | 2. Create order | 3. Send PUT to update status | 4. Verify updated,Status code is 200 | Response is valid JSON | success is true | message is 'Order status updated successfully' | data.status is 'processing' | updated_at present,y
TestCase7: Orders,TC-ORD-013,US-ORD-005,Verify update status with all valid statuses,/api/orders/{id}/status,PUT,Functional,High,Admin logged in and orders exist,Authorization: Bearer <admin_token>,"{""status"": ""<pending|shipped|delivered|cancelled>""}",200 or 400,"pending : 
    ""error"": ""Cannot transition from processing to pending. Allowed: shipped, cancelled"",
    ""success"": false
shipped:
""message"": ""Order status updated successfully"",
    ""success"": true
delivered:
  ""message"": ""Order status updated successfully"",
    ""success"": true
cancelled:
    ""error"": ""Cannot transition from delivered to cancelled. Allowed: "",
    ""success"": false",1. Login as admin | 2. For each status create order | 3. Update to each valid status | 4. Verify all work,"Status code is 200 or 400
pending : 
    ""error"": ""Cannot transition from processing to pending. Allowed: shipped, cancelled"",
    ""success"": false
shipped:
""message"": ""Order status updated successfully"",
    ""success"": true
delivered:
  ""message"": ""Order status updated successfully"",
    ""success"": true
cancelled:
    ""error"": ""Cannot transition from delivered to cancelled. Allowed: "",
    ""success"": false",y
TestCase7: Orders,TC-ORD-014,US-ORD-005,Verify update status fails with invalid status,/api/orders/{id}/status,PUT,Negative,Medium,Admin logged in and order exists,Authorization: Bearer <admin_token>,"{""status"": ""invalid_status""}",400,"   ""error"": ""Invalid status"",
    ""success"": false",1. Login as admin | 2. Send PUT with invalid status | 3. Verify error,Status code is 400 | Response is valid JSON | success is false | error indicates invalid status,y
TestCase7: Orders,TC-ORD-015,US-ORD-005,Verify non-admin cannot update order status,/api/orders/{id}/status,PUT,Security,High,Regular user logged in and order exists,Authorization: Bearer <user_token>,"{""status"": ""shipped""}",403," ""error"": ""Admin privileges required"",
    ""success"": false",1. Login as user | 2. Send PUT to update status | 3. Verify access denied,Status code is 403 | Response is valid JSON | success is false,y
TestCase7: Orders,TC-ORD-016,US-ORD-006,Verify user can cancel pending order,/api/orders/{id},DELETE,Functional,High,User logged in with pending order so create new order,Authorization: Bearer <user_token>,None,200,"success=true | message='Order cancelled successfully. Items restored to cart.' | data={cancelled order with cancelled_at,cart_restored=true} | items_restored",1. Login as user | 2. Create order | 3. Send DELETE | 4. Verify cancelled and items in cart,Status code is 200 | Response is valid JSON | success is true | message contains 'Items restored to cart' | data.status is 'cancelled' | data.cancelled_at is timestamp | data.cart_restored is true | items_restored count present | Cart contains order items,y
TestCase7: Orders,TC-ORD-017,US-ORD-006,Verify user cancel order fails for non-pending status,/api/orders/{id},DELETE,Negative,Medium,User logged in with processed order so make order first and convert it to processing,Authorization: Bearer <user_token>,None,400,"    ""error"": ""Cannot cancel this order. Allowed statuses: pending"",
    ""success"": false",1. Login as user | 2. Create order | 3. Admin updates to 'processing' | 4. User tries to cancel | 5. Verify error,Status code is 400 | Response is valid JSON | success is false | error is 'Cannot cancel this order',y
TestCase7: Orders,TC-ORD-018,US-ORD-006,Verify cancel order fails for non-existent order,/api/orders/{id},DELETE,Negative,Medium,User logged in,Authorization: Bearer <user_token>,None,404,success=false | error,1. Login as user | 2. Send DELETE with invalid order ID | 3. Verify error,Status code is 404 | Response is valid JSON | success is false,y
TestCase7: Orders,TC-ORD-019,US-ORD-007,Verify get orders by status,/api/orders/status/cancelled,GET,Functional,Medium,User logged in with cancelled orders,Authorization: Bearer <user_token>,None,200,success=true | data=[orders with status] | count,1. Login as user | 2. Create and cancel orders | 3. Send GET with status | 4. Verify filtered,Status code is 200 | Response is valid JSON | success is true | data is array | count matches array length | All orders have status='cancelled',y
TestCase7: Orders,TC-ORD-020,US-ORD-007,Verify get orders by each status type,/api/orders/status/{status},GET,Functional,Medium,User logged in with orders in various statuses,Authorization: Bearer <user_token>,None,200,success=true | data=[filtered orders],1. Login as user | 2. Create orders with different statuses | 3. For each status GET orders | 4. Verify filtering,Status code is 200 | Each request returns only matching status orders,y
TestCase7: Orders,TC-ORD-021,US-ORD-008,Verify admin can export orders within date range,/api/export/orders?start_date=2025-10-01&end_date=2025-10-31,GET,Functional,High,Admin logged in and orders exist in range,Authorization: Bearer <admin_token>,None,200,"success=true | data={orders=[],total_orders,period={start_date,end_date},export_date}",1. Login as admin | 2. Send GET with date range | 3. Verify filtered orders exported,Status code is 200 | Response is valid JSON | success is true | data.orders is array | data.total_orders matches array length | data.period has start_date and end_date | data.export_date is timestamp | All orders are within date range,y
TestCase7: Orders,TC-ORD-022,US-ORD-008,Verify export orders without date range returns all,/api/export/orders,GET,Functional,Medium,Admin logged in and orders exist,Authorization: Bearer <admin_token>,None,200,"success=true | data={orders=[all orders],total_orders,export_date}",1. Login as admin | 2. Send GET without date params | 3. Verify all orders exported,Status code is 200 | Response is valid JSON | data.orders contains all orders in system,y
TestCase7: Orders,TC-ORD-023,US-ORD-008,Verify export orders fails without admin,/api/export/orders,GET,Security,High,Regular user logged in,Authorization: Bearer <user_token>,None,403,"""error"": ""Admin privileges required"",
    ""success"": false",1. Login as user | 2. Send GET to export | 3. Verify access denied,Status code is 403 | Response is valid JSON | success is false,y
TestCase8: Reviews,TC-REV-001,US-REV-001,Verify user can create product review,/api/reviews,POST,Functional,High,"User logged in and product exists
product_id from create prdouct request",Authorization: Bearer <user_token>,"{""product_id"": {{PRODUCT_ID}}, ""rating"": 4, ""comment"": ""Excellent product!""}",201,"success=true | message='Review created successfully' | data={id,product_id,user_id,rating,comment,created_at}",1. Login as user | 2. Send POST with review data | 3. Verify review created,Status code is 201 | Response is valid JSON | success is true | message is 'Review created successfully' | data has id/product_id/user_id/rating/comment/created_at | rating and comment match input,y
TestCase8: Reviews,TC-REV-002,US-REV-001,Verify create review fails for non-existent product,/api/reviews,POST,Negative,Medium,User logged in,Authorization: Bearer <user_token>,"{""product_id"": 99999, ""rating"": 5, ""comment"": ""Great""}",404,success=false | error='Product not found',1. Login as user | 2. Send POST with invalid product_id | 3. Verify error,Status code is 404 | Response is valid JSON | success is false | error is 'Product not found',y
TestCase8: Reviews,TC-REV-003,US-REV-001,Verify user cannot review same product twice,/api/reviews,POST,Negative,Medium,User logged in and already reviewed product,Authorization: Bearer <user_token>,"{""product_id"": {{PRODUCT_ID}}, ""rating"": 5, ""comment"": ""Another review""}",400,success=false | error='You have already reviewed this product',1. Login as user | 2. Create review | 3. Try creating another review for same product | 4. Verify error,Status code is 400 | Response is valid JSON | success is false | error is 'You have already reviewed this product',y
TestCase8: Reviews,TC-REV-004,US-REV-001,Verify create review fails with invalid rating,/api/reviews,POST,Negative,Medium,User logged in and product exists,Authorization: Bearer <user_token>,"{""product_id"": 1, ""rating"": 6, ""comment"": ""Test""}",400,"""error"": ""Rating must be between 1 and 5"",
    ""success"": false
",1. Login as user | 2. Send POST with rating > 5 | 3. Verify validation error,Status code is 400 | Response is valid JSON | success is false | error indicates invalid rating,y
TestCase8: Reviews,TC-REV-005,US-REV-002,Verify get product reviews with average rating,/api/products/{id}/reviews,GET,Functional,High,Product exists with reviews,Content-Type: application/json,None,200,"success=true | data=[reviews] | count | average_rating | ""comment"": ""Excellent product!"" from TC_REV_001",1. Send GET for product reviews | 2. Verify reviews and average,Status code is 200 | Response is valid JSON | success is true | data is array | count matches array length | average_rating is calculated correctly | Each review has id/product_id/user_id/rating/comment/created_at,y
TestCase8: Reviews,TC-REV-006,US-REV-002,Verify get reviews returns empty for product without reviews,/api/products/{id}/reviews,GET,Functional,Medium,Product exists without reviews,Content-Type: application/json,None,200,success=true | data=[] | count=0 | average_rating=0 or null,1. Send GET for product without reviews | 2. Verify empty result,Status code is 200 | Response is valid JSON | data is empty array | count is 0 | average_rating is 0 or null,y
TestCase8: Reviews,TC-REV-007,US-REV-003,Verify user can check review status for product,/api/products/{id}/reviews/check,GET,Functional,Medium,User logged in and product exists,Authorization: Bearer <user_token>,None,200,success=true | has_reviewed=true/false | review={review object or null},1. Login as user | 2. Send GET to check status | 3. Verify status,Status code is 200 | Response is valid JSON | success is true | has_reviewed is boolean | If has_reviewed=true review object present | If has_reviewed=false review is null,y
TestCase8: Reviews,TC-REV-008,US-REV-003,Verify check review status before and after reviewing,/api/products/{id}/reviews/check,GET,Functional,Medium,User logged in and product exists,Authorization: Bearer <user_token>,None,200,success=true | has_reviewed | review,1. Login as user | 2. Check status (should be false) | 3. Create review | 4. Check status again (should be true) | 5. Verify both,Both requests return 200 | First has_reviewed is false | Second has_reviewed is true | Second review object present,y
TestCase9: Stats & Analytics,TC-STAT-001,US-STAT-001,Verify admin can get dashboard statistics,/api/stats,GET,Functional,High,Admin logged in,Authorization: Bearer <admin_token>,None,200,"success=true | data={total_users,total_products,total_orders,total_revenue,pending_orders,total_reviews,low_stock_products}",1. Login as admin | 2. Send GET to stats | 3. Verify statistics,Status code is 200 | Response is valid JSON | success is true | data has total_users/total_products/total_orders/total_revenue/pending_orders/total_reviews/low_stock_products | All values are numbers | Values reflect actual system state,y
TestCase9: Stats & Analytics,TC-STAT-002,US-STAT-001,Verify non-admin cannot access statistics,/api/stats,GET,Security,High,Regular user logged in,Authorization: Bearer <user_token>,None,403,"""error"": ""Admin privileges required"",
    ""success"": false",1. Login as user | 2. Send GET to stats | 3. Verify access denied,Status code is 403 | Response is valid JSON | success is false,y
TestCase9: Stats & Analytics,TC-STAT-003,US-STAT-002,Verify admin can get dashboard analytics,/api/analytics/dashboard,GET,Functional,High,Admin logged in,Authorization: Bearer <admin_token>,None,200,"success=true | data={monthly_revenue,popular_products=[],page_views_data=[]}",1. Login as admin | 2. Send GET to analytics dashboard | 3. Verify analytics data,Status code is 200 | Response is valid JSON | success is true | data has monthly_revenue | popular_products array contains product objects with orders and views | page_views_data array contains date and views for last 7 days,y
TestCase9: Stats & Analytics,TC-STAT-004,US-STAT-002,Verify non-admin cannot access dashboard analytics,/api/analytics/dashboard,GET,Security,Medium,Regular user logged in,Authorization: Bearer <user_token>,None,403,"""error"": ""Admin privileges required"",
    ""success"": false",1. Login as user | 2. Send GET to analytics dashboard | 3. Verify access denied,Status code is 403 | Response is valid JSON | success is false,y
TestCase9: Stats & Analytics,TC-STAT-005,US-STAT-003,Verify admin can get sales reports,/api/analytics/reports/sales,GET,Functional,High,Admin logged in,Authorization: Bearer <admin_token>,None,200,success=true | data={sales report data},1. Login as admin | 2. Send GET to sales report | 3. Verify report data,Status code is 200 | Response is valid JSON | success is true | data contains sales metrics and trends,y
TestCase9: Stats & Analytics,TC-STAT-006,US-STAT-003,Verify non-admin cannot access sales reports,/api/analytics/reports/sales,GET,Security,High,Regular user logged in,Authorization: Bearer <user_token>,None,403,success=false | error,1. Login as user | 2. Send GET to sales reports | 3. Verify access denied,Status code is 403 | Response is valid JSON | success is false,y
TestCase10: Help Center,TC-HELP-001,US-HELP-004,Verify admin can create help article,/api/help,POST,Functional,Medium,Admin logged in,Authorization: Bearer <admin_token>,"   ""question"": ""How to track my order2?"",
    ""answer"": ""Use the orders page to check status2."",
    ""category"": ""Orders2""",201,"    ""message"": ""Article created successfully"",
    ""success"": true",1. Login as admin | 2. Send POST with article data | 3. Verify created,Status code is 201 | Response is valid JSON | success is true | message is 'Help article created successfully',y
TestCase10: Help Center,TC-HELP-002,US-HELP-004,Verify create help article fails without admin,/api/help,POST,Security,Medium,Regular user logged in,Authorization: Bearer <user_token>,"   ""question"": ""How to track my order2?"",
    ""answer"": ""Use the orders page to check status2."",
    ""category"": ""Orders2""",403,"""error"": ""Admin privileges required"",
    ""success"": false",1. Login as user | 2. Send POST | 3. Verify access denied,Status code is 403 | Response is valid JSON | success is false,y
TestCase10: Help Center,TC-HELP-003,US-HELP-005,Verify admin can update help article,/api/help/{id},PUT,Functional,Medium,Admin logged in and article exists,Authorization: Bearer <admin_token>,"   ""question"": ""How to track my order2?"",
    ""answer"": ""Use the orders page to check status2."",
    ""category"": ""Orders2""",200,"    ""message"": ""Article updated successfully"",
    ""success"": true",1. Login as admin | 2. Create article | 3. Send PUT with updates | 4. Verify updated,Status code is 200 | Response is valid JSON | success is true | message is 'Help article updated successfully' | data reflects updates,y
TestCase10: Help Center,TC-HELP-004,US-HELP-005,Verify update help article fails for non-existent article,/api/help/{id},PUT,Negative,Low,Admin logged in,Authorization: Bearer <admin_token>,"   ""question"": ""How to track my order2?"",
    ""answer"": ""Use the orders page to check status2."",
    ""category"": ""Orders2""",404,"    ""error"": ""Article not found"",
    ""success"": false",1. Login as admin | 2. Send PUT with invalid article ID | 3. Verify error,Status code is 404 | Response is valid JSON | success is false,y
TestCase10: Help Center,TC-HELP-005,US-HELP-001,Verify get all help articles,/api/help,GET,Functional,Medium,Help articles exist,Content-Type: application/json,None,200,success=true | data=[articles] | count,1. Send GET to help endpoint | 2. Verify articles returned,Status code is 200 | Response is valid JSON | success is true | data is array | count matches array length | Each article has id/title/content/category/helpful_count,y
TestCase10: Help Center,TC-HELP-006,US-HELP-002,Verify get help categories,/api/help/categories,GET,Functional,Medium,Help categories exist,Content-Type: application/json,None,200,success=true | data=[categories],1. Send GET to help categories | 2. Verify categories returned,Status code is 200 | Response is valid JSON | success is true | data is array of categories,y
TestCase10: Help Center,TC-HELP-007,US-HELP-003,Verify get specific help article from previous tests,/api/help/{id},GET,Functional,Medium,Help article exists,Content-Type: application/json,None,200,success=true | data={article object},1. Send GET for specific article | 2. Verify article details,Status code is 200 | Response is valid JSON | success is true | data contains complete article info,y
TestCase10: Help Center,TC-HELP-008,US-HELP-003,Verify get help article fails for non-existent ID,/api/help/{id},GET,Negative,Low,None,Content-Type: application/json,None,404,"    ""error"": ""Article not found"",
    ""success"": false",1. Send GET with invalid article ID | 2. Verify error,Status code is 404 | Response is valid JSON | success is false,y
TestCase10: Help Center,TC-HELP-009,US-HELP-006,Verify user can mark article as helpful,/api/help/{id}/helpful,POST,Functional,Low,User logged in and article exists we can create new article,Authorization: Bearer <user_token>,None,200,"  ""message"": ""Thank you for your feedback!"",
    ""success"": true",1. Login as user | 2. Send POST to mark helpful | 3. Verify helpful count increased,Status code is 200 | Response is valid JSON | success is true | message is 'Article marked as helpful' | helpful_count increased by 1,y
TestCase10: Help Center,TC-HELP-010,US-HELP-006,Verify user can mark article as helpful twice,/api/help/{id}/helpful,POST,Security,Medium,User logged in and article id already marked,Authorization: Bearer <user_token>,None,400,"   ""already_helpful"": true,
    ""error"": ""You have already marked this article as helpful"",
    ""success"": false",1. Login as user | 2. Send POST to mark helpful | 3. Verify helpful count increased,Status code is 400| Response is valid JSON | success is false | erroris 'You have already marked this article as helpful | already_helpful=true,y
TestCase10: Help Center,TC-HELP-011,US-HELP-006,Verify mark helpful fails for non-existent article,/api/help/{id}/helpful,POST,Negative,Low,User logged in,Authorization: Bearer <user_token>,None,404,"  ""success"": false,
    ""error"": ""Article not found""",1. Login as user | 2. Send POST with invalid article ID | 3. Verify error,Status code is 404 | Response is valid JSON | success is false,y
TestCase11: Contact,TC-CONT-001,US-CONT-001,Verify user can submit contact message,/api/contact,POST,Functional,High,User logged in or anonymous,Authorization: Bearer <user_token>,"{""name"": ""Test User"", ""email"": ""test@example.com"", ""subject"": ""Test Subject"", ""message"": ""Test message content""}",201,"success=true | message='Your message has been submitted successfully. We will get back to you soon!' | data={id,name,email,subject,message,status,created_at}",1. Login as user (optional) | 2. Send POST with contact data | 3. Verify submitted,Status code is 201 | Response is valid JSON | success is true | message is 'Your message has been submitted successfully. We will get back to you soon!' | data has id/name/email/subject/message/status/created_at,y
TestCase11: Contact,TC-CONT-002,US-CONT-001,Verify submit contact fails with missing required fields,/api/contact,POST,Negative,Medium,None,Content-Type: application/json,"{""name"": ""Test""}",400,"    ""error"": ""Name, email, and message are required"",
    ""success"": false",1. Send POST with incomplete data | 2. Verify validation error,Status code is 400 | Response is valid JSON | success is false | error indicates missing fields,y
TestCase11: Contact,TC-CONT-003,US-CONT-002,Verify admin can view all contact messages,/api/contact/messages,GET,Functional,High,Admin logged in and messages exist,Authorization: Bearer <admin_token>,None,200,success=true | data=[messages] | count,1. Login as admin | 2. Send GET to messages | 3. Verify messages returned,Status code is 200 | Response is valid JSON | success is true | data is array | count matches array length | Each message has id/name/email/subject/message/status/created_at |  | Save Last Message ID in conston and json utility,y
TestCase11: Contact,TC-CONT-004,US-CONT-002,Verify non-admin cannot view contact messages,/api/contact/messages,GET,Security,High,Regular user logged in,Authorization: Bearer <user_token>,None,403,"    ""error"": ""Admin privileges required"",
    ""success"": false",1. Login as user | 2. Send GET to messages | 3. Verify access denied,Status code is 403 | Response is valid JSON | success is false,y
TestCase11: Contact,TC-CONT-005,US-CONT-003,Verify admin can respond to contact message,/api/contact/messages/{id}/respond,POST,Functional,High,Admin logged in and message exists use last message from TC-CONT-003,Authorization: Bearer <admin_token>,"{""response"": ""Thank you for contacting us. We will help you...""}",200,success=true | message='Response sent successfully' ,1. Login as admin | 2. Get message | 3. Send POST with response | 4. Verify sent,Status code is 200 | Response is valid JSON | success is true | message is 'Response sent successfully' | data shows updated status and response,y
TestCase11: Contact,TC-CONT-006,US-CONT-003,Verify respond fails for non-existent message,/api/contact/messages/9999/respond,POST,Negative,Medium,Admin logged in,Authorization: Bearer <admin_token>,"{""response"": ""Test""}",404,"    ""error"": ""Message not found"",
    ""success"": false",1. Login as admin | 2. Send POST with invalid message ID | 3. Verify error,Status code is 404 | Response is valid JSON | success is false,y
TestCase11: Contact,TC-CONT-007,US-CONT-003,Verify non-admin cannot respond to messages,/api/contact/messages/{id}/respond,POST,Security,High,Regular user logged in and message exists,Authorization: Bearer <user_token>,"{""response"": ""Test""}",403,"   ""error"": ""Admin privileges required"",
    ""success"": false",1. Login as user | 2. Send POST to respond | 3. Verify access denied,Status code is 403 | Response is valid JSON | success is false,y
TestCase12: Wishlist,TC-WISH-001,US-WISH-001,Verify user can add product to wishlist,/api/wishlist,POST,Functional,High,"User logged in and product exists
user_id from ids.json using jsonutility
+
product_id from ids.json using jsonutility",Authorization: Bearer <user_token>,"
    ""user_id"": {{user_id}},
    ""product_id"": {{product_id}}
",201,"    ""message"": ""Product added to wishlist successfully"",
    ""success"": true",1. Login as user | 2. Send POST to add to wishlist | 3. Verify added,Status code is 201 | Response is valid JSON | success is true | message indicates successful addition ,y
TestCase12: Wishlist,TC-WISH-002,US-WISH-001,Verify add to wishlist fails for non-existent product,/api/wishlist,POST,Negative,Medium,User logged in,Authorization: Bearer <user_token>,"
    ""user_id"": {{user_id}},
    ""product_id"": 999999
",404,"    ""error"": ""Product not found"",
    ""success"": false",1. Login as user | 2. Send POST with invalid product_id | 3. Verify error,Status code is 404 | Response is valid JSON | success is false,y
TestCase12: Wishlist,TC-WISH-003,US-WISH-001,Verify user cannot add same product to wishlist twice,/api/wishlist,POST,Negative,Medium,"User logged in and product exists
user_id from ids.json using jsonutility
+
product_id from ids.json using jsonutility",Authorization: Bearer <user_token>,"
    ""user_id"": {{user_id}},
    ""product_id"": {{product_id}}
",400,"""error"": ""Product already in wishlist"",
    ""success"": false",1. Login as user | 2. Add product to wishlist | 3. Try adding again | 4. Verify error,Status code is 400 | Response is valid JSON | success is false | error indicates duplicate,y
TestCase12: Wishlist,TC-WISH-004,US-WISH-002,Verify user can view their wishlist,/api/wishlist,GET,Functional,High,"User logged in with wishlist items
user_id from ids.json using jsonutility",Authorization: Bearer <user_token>,None,200,success=true | data=[wishlist items] | count,1. Login as user | 2. Add items to wishlist | 3. Send GET | 4. Verify wishlist,Status code is 200 | Response is valid JSON | success is true | data is array | count matches array length | Each item contains product details | save wishlist_item_id using jsonutility to ids.json,y
TestCase12: Wishlist,TC-WISH-005,US-WISH-002,Verify empty wishlist returns empty array,/api/wishlist,GET,Functional,Medium,User logged in with empty wishlist,Authorization: Bearer <new-user_token>,None,200,success=true | data=[] | count=0,1. Login as user | 2. Ensure wishlist empty | 3. Send GET | 4. Verify empty,Status code is 200 | Response is valid JSON | data is empty array | count is 0,y
TestCase12: Wishlist,TC-WISH-006,US-WISH-003,Verify user can remove product from wishlist,/api/wishlist/{id},DELETE,Functional,High,User logged in with item in wishlist,Authorization: Bearer <user_token>,None,200,success=true | message='Product removed from wishlist' | data={removed item},1. Login as user | 2. Add item to wishlist | 3. Send DELETE | 4. Verify removed,Status code is 200 | Response is valid JSON | success is true | message confirms removal | data has removed item details | Subsequent GET shows item removed,y
TestCase12: Wishlist,TC-WISH-007,US-WISH-003,Verify remove from wishlist fails for non-existent item,/api/wishlist/{id},DELETE,Negative,Medium,"User logged in, get wishlist_item_id using jsonutlity from ids.json",Authorization: Bearer <user_token>,None,404,"    ""error"": ""Wishlist item not found"",
    ""success"": false",1. Login as user | 2. Send DELETE with invalid wishlist item ID | 3. Verify error,Status code is 404 | Response is valid JSON | success is false,y
TestCase13: Coupons,TC-COUP-001,US-COUP-001,Verify get available coupons,/api/coupons,GET,Functional,Medium,Coupons exist,Content-Type: application/json,None,200,success=true | data=[coupons],1. Send GET to coupons | 2. Verify coupons returned,Status code is 200 | Response is valid JSON | success is true | data is array | Each coupon has code/discount/expiry date/conditions,y
TestCase13: Coupons,TC-COUP-002,US-COUP-001,Verify non-admin can't get available coupons,/api/coupons,GET,Security,High,user login-in,Authorization: Bearer <user_token>,None,403,"    ""error"": ""Admin privileges required"",
    ""success"": false",1. Send GET to coupons | 2. Verify coupons returned,Status code is 403 | success is false | admin privilage error message apears,y
TestCase13: Coupons,TC-COUP-003,US-COUP-003,Verify admin can create coupon,/api/coupons,POST,Functional,High,"Admin logged in, generate random code using java_Faker",Authorization: Bearer <admin_token>,"    ""code"": ""{{random_code_using_java_Faker}}"",
    ""description"": ""10% off first order"",
    ""discount_type"": ""percentage"",
    ""discount_value"": 10,
    ""min_order_amount"": 50,
    ""max_discount"": 30,
    ""usage_limit"": 100",201,success=true | message='Coupon created successfully' | data={coupon object},1. Login as admin | 2. Send POST with coupon data | 3. Verify created,Status code is 201 | Response is valid JSON | success is true | message is 'Coupon created successfully' | data has coupon details matching input | save the random code using jsonutility to json ids.json,y
TestCase13: Coupons,TC-COUP-004,US-COUP-003,Verify create coupon fails without admin,/api/coupons,POST,Security,High,Regular user logged in,Authorization: Bearer <user_token>,"    ""code"": ""{{random_code_using_java_Faker}}"",
    ""description"": ""10% off first order"",
    ""discount_type"": ""percentage"",
    ""discount_value"": 10,
    ""min_order_amount"": 50,
    ""max_discount"": 30,
    ""usage_limit"": 100",403,"    ""error"": ""Admin privileges required"",
    ""success"": false",1. Login as user | 2. Send POST | 3. Verify access denied,Status code is 403 | Response is valid JSON | success is false,y
TestCase13: Coupons,TC-COUP-005,US-COUP-003,Verify create coupon fails with missing coupon data,/api/coupons,POST,Negative,Medium,"Admin logged in, generate random code using java_Faker",Authorization: Bearer <admin_token>,"{""code"": ""RANDOM_USING_JAVA_FAKER"", ""discount"": 15, ""type"": ""percentage"", ""expiry_date"": ""2026-12-31""}",400,"    ""error"": ""Missing required fields"",
    ""success"": false",1. Login as user | 2. Send POST | 3. Verify missing data message,Status code is 400  | success is false,y
TestCase13: Coupons,TC-COUP-006,US-COUP-003,Verify create coupon fails with duplicate code,/api/coupons,POST,Negative,Medium,Admin logged in and coupon code exists restore from jsonutility,Authorization: Bearer <admin_token>,"{""code"": ""<existing_code>"", ""discount"": 20, ""type"": ""percentage""}",400,"""error"": ""Coupon code already exists"",
    ""success"": false",1. Login as admin | 2. Send POST with existing code | 3. Verify error,Status code is 400 | Response is valid JSON | success is false | error indicates duplicate code,y
TestCase13: Coupons,TC-COUP-007,US-COUP-002,Verify validate valid coupon code,/api/coupons/validate,POST,Functional,Medium,"Valid coupon exists, get from jsonutility from ids.json",Authorization: Bearer <user_token>,"{""code"": ""coupone_used""}",200,success=true | data={coupon details},1. Login as user | 2. Send POST with valid code | 3. Verify validated,Status code is 200 | Response is valid JSON | success is true | data has coupon discount and conditions,y
TestCase13: Coupons,TC-COUP-008,US-COUP-002,Verify validate invalid coupon code,/api/coupons/validate,POST,Negative,Medium,User logged in,Authorization: Bearer <user_token>,"{""code"": ""INVALID""}",404,"   ""error"": ""Invalid coupon code"",
    ""success"": false",1. Login as user | 2. Send POST with invalid code | 3. Verify error,Status code is 404 | Response is valid JSON | success is false | valid is false | error is 'Coupon not found',y
TestCase13: Coupons,TC-COUP-009,US-COUP-002,Verify validate expired coupon,/api/coupons/validate,POST,Negative,Medium,User logged in and expired coupon exists,Authorization: Bearer <user_token>,"{""code"": ""EXPIRED""}",400,"  ""error"": ""Coupon has expired"",
    ""success"": false",1. Login as user | 2. Send POST with expired coupon code | 3. Verify error,Status code is 400 | Response is valid JSON | success is false | valid is false | error indicates expired,y
TestCase14: Notifications,TC-NOTIF-001,TEST-ENDPOINT,Verifiy as tester can create test notifications,/notifications/test-create,POST,Testing,N/A,User or Admin Logged in,Authorization: Bearer <user_token> ,"""count"":10",201,"success=true | data=[notifications]  | ""message"": ""Created 10 test notification(s)"",",1. Login as user | 2. send POST | Verifiy test notifications created or not,Status code is 201 | Response is valid JSON | success is true | save last notification_id using json utiltiy to use later,y
TestCase14: Notifications,TC-NOTIF-002,US-NOTIF-001,Verify user can get their notifications,/api/notifications,GET,Functional,High,User or Admin Logged in with notifications,Authorization: Bearer <user_token> ,None,200,"success=true | data=[notifications] | count | ""unread_count"": 2",1. Login as user | 2. Perform actions creating notifications | 3. Send GET | 4. Verify notifications,Status code is 200 | Response is valid JSON | success is true | data is array | count matches array length | Each notification has id/user_id/message/type/read status/created_at | save last notification_id using json utiltiy to use later,y
TestCase14: Notifications,TC-NOTIF-003,US-NOTIF-001,Verify empty notifications returns empty array,/api/notifications,GET,Functional,Medium,User logged in without notifications  so create and login new user,Authorization: Bearer <new_registered_user_token>,None,200,success=true | data=[] | count=0,1. Login as new user | 2. Send GET | 3. Verify empty,Status code is 200 | Response is valid JSON | data is empty array | count is 0,y
TestCase14: Notifications,TC-NOTIF-004,US-NOTIF-002,Verify user can mark notification as read,/api/notifications/{id}/read,PUT,Functional,Medium,User or Admin Logged in with unread notifications | use notification_id using jsonutiltiy,Authorization: Bearer <user_token> ,None,200,success=true | message='Notification marked as read' | data={updated notification},1. Login as user | 2. Get unread notification | 3. Send PUT to mark read | 4. Verify marked,Status code is 200 | Response is valid JSON | success is true | message is 'Notification marked as read' | data shows read status is true,y
TestCase14: Notifications,TC-NOTIF-005,US-NOTIF-002,Verify mark notification as read fails for non-existent notification,/api/notifications/{id}/read,PUT,Negative,Low,User or Admin Logged,Authorization: Bearer <user_token> ,None,404,"    ""error"": ""Notification not found"",
    ""success"": false",1. Login as user | 2. Send PUT with invalid notification ID | 3. Verify error,Status code is 404 | Response is valid JSON | success is false,y
TestCase14: Notifications,TC-NOTIF-006,US-NOTIF-003,Verify user can mark all notifications as read,/api/notifications/read-all,PUT,Functional,Medium,User or Admin Logged in with unread notifications | use notification_id using jsonutiltiy,Authorization: Bearer <user_token>,None,200,"    ""message"": ""n notifications marked as read"",
    ""success"": true",1. Login as user | 2. Have multiple unread notifications | 3. Send PUT to mark all read | 4. Verify all marked,Status code is 200 | Response is valid JSON | success is true | message is 'All notifications marked as read' | updated_count shows number updated | Subsequent GET shows all are read,y
TestCase14: Notifications,TC-NOTIF-007,US-NOTIF-003,Verify mark all notifications on already read notifications,/api/notifications/read-all,PUT,Functional,Low,User logged in with all read notifications,Authorization: Bearer <user_token>,None,200,success=true | message | updated_count=0,1. Login as user | 2. Mark all read | 3. Send PUT again | 4. Verify success with count 0,Status code is 200 | Response is valid JSON | updated_count is 0,y
TestCase14: Notifications,TC-NOTIF-008,US-NOTIF-001,Verify user cannot access another user's notifications,/api/notifications,GET,Security,High,Two users logged in with notifications,Authorization: Bearer <user1_token>,None,200,success=true | data=[user1 notifications only],1. User1 has notifications | 2. User2 has notifications | 3. User1 gets notifications | 4. Verify only user1 notifications,Status code is 200 | data contains only user1 notifications | Cannot see user2 notifications,y
TestCase15: Search & Recommendations,TC-SEARCH-001,US-SEARCH-001,Verify advanced product search with filters,/api/search/advanced,GET,Functional,High,Products exist,Content-Type: application/json,None,200,success=true | data=[filtered products] | filters_applied={},1. Send GET with multiple filters | 2. Verify filtered results,Status code is 200 | Response is valid JSON | success is true | data contains products matching filters | filters_applied shows which filters used,y
TestCase15: Search & Recommendations,TC-SEARCH-002,US-SEARCH-001,Verify advanced search with all filter combinations,/api/search/advanced?category=Electronics&min_price=100&max_price=1000&sort=price_asc,GET,Functional,High,Products exist,Content-Type: application/json,None,200,success=true | data=[filtered and sorted products],1. Send GET with all filter params | 2. Verify results match all criteria,Status code is 200 | All products match category | All prices in range | Results sorted by price ascending,y
TestCase15: Search & Recommendations,TC-SEARCH-003,US-SEARCH-002,Verify get product recommendations,/api/recommendations/{id},GET,Functional,Medium,Product exists,Content-Type: application/json,None,200,success=true | data=[recommended products],1. Send GET for product recommendations | 2. Verify recommendations returned,Status code is 200 | Response is valid JSON | success is true | data is array of related products,y
TestCase15: Search & Recommendations,TC-SEARCH-004,US-SEARCH-002,Verify recommendations for non-existent product,/api/recommendations/99999,GET,Negative,Low,None,Content-Type: application/json,None,404,"   ""error"": ""Product not found"",
    ""success"": false",1. Send GET with invalid product ID | 2. Verify error,Status code is 404 | Response is valid JSON | success is false,y
TestCase16: Blog,TC-BLOG-001,US-BLOG-001,Verify get all blog posts,/api/blog/posts,GET,Functional,Low,Blog posts exist,Content-Type: application/json,None,200,success=true | data=[posts] | count,1. Send GET to blog posts | 2. Verify posts returned,Status code is 200 | Response is valid JSON | success is true | data is array | count matches array length | Each post has id/title/content/author/published_date | save last blog  postid,y
TestCase16: Blog,TC-BLOG-002,US-BLOG-001,Verify empty blog returns empty array,/api/blog/posts/?status=non-exist,GET,Functional,Low,No blog posts,Content-Type: application/json,None,200,"   ""count"": 0,
    ""data"": [],
    ""success"": true",1. Send GET when no posts exist | 2. Verify empty result,Status code is 200 | Response is valid JSON | data is empty array | count is 0,y
TestCase16: Blog,TC-BLOG-003,US-BLOG-002,Verify get specific blog post,/api/blog/posts/{id},GET,Functional,Low,"Blog post exists, use blog_id of TC-BLOG-01",Content-Type: application/json,None,200,success=true | data={post object},1. Send GET for specific post | 2. Verify post details,Status code is 200 | Response is valid JSON | success is true | data has complete post info,y
TestCase16: Blog,TC-BLOG-004,US-BLOG-002,Verify get blog post fails for non-existent ID,/api/blog/posts/{id},GET,Negative,Low,None,Content-Type: application/json,None,404,"  ""error"": ""Post not found"",
    ""success"": false",1. Send GET with invalid post ID | 2. Verify error,Status code is 404 | Response is valid JSON | success is false,y
